epoch,train_loss,eval_loss,eval_accuracy,eval_f1,eval_precision,eval_recall,eval_overall_f1,eval_overall_precision,eval_overall_recall,eval_overall_accuracy
1,,0.056684736162424004,,,,,0.9084046300956211,0.9055183946488291,0.9113093234601141,0.9839764806666401
2,,0.048277057707309,,,,,0.9247546346782981,0.9218932931928411,0.927633793335577,0.9872668509793231
3,,0.045324388891458005,,,,,0.9321820772906361,0.9286788040754961,0.9357118815213731,0.9884739690822001
